"STATE","RELIG","POPWGHT"
"AL","1",2.00181481481482
"AL","2",12.3026296296296
"AL","3",0.165851851851852
"AL","4",0.093888888888889
"AL","5",0.085925925925926
"AL","6",1.05025925925926
"AL","7",0.057962962962963
"AL","8",2.2322962962963
"AL","9",0.888592592592594
"AL","10",0.384851851851852
"AL","11",0.038962962962963
"AL","12",0.601074074074075
"AL","13",0.055888888888889
"AL","14",0.248851851851852
"AL","15",0.050962962962963
"AL","17",6.09733333333334
"AL","18",0.323555555555556
"AL","19",1.25133333333333
"AL","20",0.199666666666667
"AL","21",0.165814814814815
"AL","22",0.766185185185186
"AL","23",0.324666666666667
"AL","24",0.189814814814815
"AL","25",0.022962962962963
"AL","26",0.175925925925926
"AL","27",0.018962962962963
"AL","28",0.00896296296296296
"AL","29",0.088925925925926
"AL","30",0.041
"AL","31",0.015962962962963
"AL","36",0.560555555555556
"AL","39",0.060925925925926
"AL","60",0.093814814814815
"AL","63",0.044925925925926
"AL","72",0.014962962962963
"AL","79",0.197814814814815
"AL","90",0.315962962962963
"AL","92",0.08
"AL","95",3.351
"AL","98",0.172851851851852
"AL","99",0.785444444444445
"AR","1",1.97074074074074
"AR","2",6.56955555555556
"AR","4",0.112888888888889
"AR","6",0.477592592592593
"AR","7",0.070925925925926
"AR","8",1.33211111111111
"AR","9",0.77388888888889
"AR","11",0.00896296296296296
"AR","12",0.374666666666667
"AR","14",0.312666666666667
"AR","15",0.012962962962963
"AR","17",3.36474074074074
"AR","18",0.119740740740741
"AR","19",1.7302962962963
"AR","20",0.152851851851852
"AR","21",0.0388888888888889
"AR","22",0.67662962962963
"AR","23",0.126851851851852
"AR","25",0.102851851851852
"AR","29",0.099888888888889
"AR","31",2.734
"AR","36",0.541518518518519
"AR","60",0.020962962962963
"AR","61",0.078962962962963
"AR","62",0.107888888888889
"AR","63",0.036962962962963
"AR","79",0.213851851851852
"AR","90",0.163
"AR","91",0.080962962962963
"AR","95",1.78959259259259
"AR","98",0.205962962962963
"AR","99",0.645518518518519
"AZ","1",12.847962962963
"AZ","2",1.4087037037037
"AZ","3",0.063962962962963
"AZ","6",0.417740740740741
"AZ","8",2.72777777777778
"AZ","9",0.432407407407408
"AZ","12",0.113777777777778
"AZ","14",1.20540740740741
"AZ","17",8.92525925925927
"AZ","18",0.551555555555556
"AZ","19",0.285814814814815
"AZ","20",0.195703703703704
"AZ","21",1.23688888888889
"AZ","22",0.112851851851852
"AZ","23",0.449851851851852
"AZ","24",0.091925925925926
"AZ","27",0.010962962962963
"AZ","30",0.045888888888889
"AZ","31",0.098925925925926
"AZ","36",0.75025925925926
"AZ","37",0.042
"AZ","39",1.14992592592593
"AZ","44",0.023962962962963
"AZ","60",0.558444444444445
"AZ","62",0.036962962962963
"AZ","63",0.977851851851852
"AZ","64",0.062925925925926
"AZ","65",0.170851851851852
"AZ","68",0.086925925925926
"AZ","69",0.018962962962963
"AZ","78",0.152851851851852
"AZ","79",0.562740740740741
"AZ","90",0.101888888888889
"AZ","91",0.352592592592593
"AZ","95",7.09744444444445
"AZ","98",0.239814814814815
"AZ","99",2.0812962962963
"CA","1",100.446148148148
"CA","2",8.69348148148149
"CA","3",0.320851851851852
"CA","5",0.081925925925926
"CA","6",0.782444444444445
"CA","7",0.016962962962963
"CA","8",13.2502222222222
"CA","9",1.45
"CA","10",0.112962962962963
"CA","11",0.317888888888889
"CA","12",0.919074074074075
"CA","13",0.035925925925926
"CA","14",3.00681481481482
"CA","15",0.109925925925926
"CA","17",50.310962962963
"CA","18",1.87633333333334
"CA","19",2.40070370370371
"CA","20",1.25951851851852
"CA","21",3.30344444444445
"CA","22",0.258777777777778
"CA","23",4.1927037037037
"CA","24",0.58762962962963
"CA","25",0.107925925925926
"CA","26",0.056962962962963
"CA","27",0.034925925925926
"CA","28",0.017962962962963
"CA","29",0.081925925925926
"CA","30",0.353555555555556
"CA","31",1.0877037037037
"CA","32",0.029962962962963
"CA","33",0.444703703703704
"CA","34",0.018962962962963
"CA","35",0.112925925925926
"CA","36",3.74192592592593
"CA","37",0.017962962962963
"CA","39",0.224814814814815
"CA","40",0.089851851851852
"CA","47",0.077962962962963
"CA","60",3.915
"CA","61",1.72040740740741
"CA","62",3.59122222222222
"CA","63",0.429296296296297
"CA","64",0.935555555555556
"CA","65",0.090888888888889
"CA","66",0.180851851851852
"CA","68",0.078962962962963
"CA","69",0.094962962962963
"CA","70",0.025962962962963
"CA","72",0.433851851851852
"CA","73",0.335851851851852
"CA","74",0.00896296296296296
"CA","77",0.336703703703704
"CA","78",0.901407407407408
"CA","79",1.29581481481482
"CA","90",1.61244444444445
"CA","91",4.90581481481482
"CA","92",0.106888888888889
"CA","93",0.00696296296296296
"CA","95",44.6311481481482
"CA","98",2.21625925925926
"CA","99",11.3174444444445
"CO","1",8.06492592592593
"CO","2",1.46881481481482
"CO","3",0.107962962962963
"CO","5",0.041
"CO","6",0.147962962962963
"CO","8",2.38162962962963
"CO","9",0.896925925925927
"CO","12",0.29862962962963
"CO","14",1.2127037037037
"CO","15",0.041925925925926
"CO","16",0.020962962962963
"CO","17",7.32255555555556
"CO","18",0.653148148148149
"CO","19",0.378666666666667
"CO","20",0.311703703703704
"CO","21",1.20444444444445
"CO","22",0.139777777777778
"CO","23",0.337851851851852
"CO","24",0.097962962962963
"CO","26",0.013962962962963
"CO","30",0.134888888888889
"CO","31",0.631888888888889
"CO","33",0.038962962962963
"CO","36",0.729518518518519
"CO","39",0.041
"CO","40",0.015962962962963
"CO","60",0.40762962962963
"CO","61",0.213888888888889
"CO","62",0.106888888888889
"CO","63",0.203777777777778
"CO","64",0.074925925925926
"CO","68",0.043962962962963
"CO","73",0.209888888888889
"CO","77",0.065962962962963
"CO","78",0.043888888888889
"CO","79",0.31962962962963
"CO","90",0.287814814814815
"CO","91",0.225777777777778
"CO","95",7.33225925925926
"CO","98",0.35562962962963
"CO","99",1.55266666666667
"CT","1",9.04755555555556
"CT","2",1.13359259259259
"CT","5",0.021962962962963
"CT","8",1.96737037037037
"CT","9",0.442851851851852
"CT","12",0.099888888888889
"CT","13",0.49
"CT","14",0.27662962962963
"CT","17",2.68937037037037
"CT","18",0.094814814814815
"CT","19",0.346740740740741
"CT","20",0.236666666666667
"CT","21",0.022962962962963
"CT","23",0.301888888888889
"CT","24",0.120888888888889
"CT","27",0.067851851851852
"CT","30",0.135777777777778
"CT","36",0.152814814814815
"CT","39",0.058851851851852
"CT","40",0.00596296296296296
"CT","60",0.541296296296297
"CT","61",0.559814814814815
"CT","62",0.115925925925926
"CT","63",0.119888888888889
"CT","64",0.037962962962963
"CT","66",0.015962962962963
"CT","73",0.343962962962963
"CT","77",0.003
"CT","78",0.086962962962963
"CT","79",0.0638148148148149
"CT","90",0.092851851851852
"CT","91",0.413925925925926
"CT","95",2.80374074074074
"CT","98",0.204888888888889
"CT","99",0.845037037037038
"DC","1",0.56162962962963
"DC","2",1.03344444444445
"DC","3",0.080925925925926
"DC","8",0.143851851851852
"DC","9",0.021962962962963
"DC","10",0.018962962962963
"DC","12",0.043925925925926
"DC","14",0.055962962962963
"DC","17",0.591703703703704
"DC","19",0.056962962962963
"DC","20",0.029962962962963
"DC","21",0.036962962962963
"DC","23",0.025962962962963
"DC","24",0.133
"DC","36",0.246925925925926
"DC","60",0.027925925925926
"DC","61",0.221851851851852
"DC","63",0.017962962962963
"DC","79",0.059962962962963
"DC","91",0.030962962962963
"DC","95",0.742555555555556
"DC","98",0.055962962962963
"DC","99",0.134814814814815
"DE","1",1.51648148148148
"DE","2",0.892555555555556
"DE","8",0.366444444444445
"DE","9",0.366518518518519
"DE","12",0.020962962962963
"DE","17",0.693518518518519
"DE","18",0.124925925925926
"DE","19",0.083925925925926
"DE","20",0.022925925925926
"DE","30",0.050962962962963
"DE","36",0.126851851851852
"DE","39",0.050962962962963
"DE","40",0.026925925925926
"DE","63",0.032962962962963
"DE","64",0.035962962962963
"DE","79",0.00896296296296296
"DE","90",0.091962962962963
"DE","95",1.23644444444444
"DE","98",0.030962962962963
"DE","99",0.112851851851852
"FL","1",34.8122962962963
"FL","2",14.4858888888889
"FL","3",0.461851851851852
"FL","6",1.47196296296296
"FL","7",0.078925925925926
"FL","8",7.17125925925927
"FL","9",2.62914814814815
"FL","10",0.227851851851852
"FL","11",0.081925925925926
"FL","12",0.967777777777779
"FL","13",0.07
"FL","14",1.80288888888889
"FL","17",20.7612962962963
"FL","18",1.54577777777778
"FL","19",3.02385185185185
"FL","20",1.37362962962963
"FL","21",0.525592592592593
"FL","22",0.191851851851852
"FL","23",3.37059259259259
"FL","24",0.437703703703704
"FL","26",0.235888888888889
"FL","28",0.093962962962963
"FL","29",0.090925925925926
"FL","30",0.080888888888889
"FL","31",0.829703703703704
"FL","33",0.056962962962963
"FL","34",0.00996296296296296
"FL","35",0.024962962962963
"FL","36",2.27396296296296
"FL","39",0.344888888888889
"FL","60",2.86337037037037
"FL","61",0.639777777777778
"FL","62",0.390703703703704
"FL","63",0.129777777777778
"FL","64",0.166925925925926
"FL","67",0.015962962962963
"FL","68",0.041
"FL","71",0.306962962962963
"FL","73",0.067
"FL","74",0.055888888888889
"FL","77",0.324925925925926
"FL","78",0.020962962962963
"FL","79",0.889222222222223
"FL","90",0.999370370370371
"FL","91",1.0862962962963
"FL","92",0.057962962962963
"FL","93",0.00996296296296296
"FL","95",15.8632222222222
"FL","98",1.00648148148148
"FL","99",6.83651851851852
"GA","1",5.20492592592593
"GA","2",15.7524444444445
"GA","3",0.269703703703704
"GA","4",0.116888888888889
"GA","5",0.139962962962963
"GA","6",2.08366666666667
"GA","7",0.115851851851852
"GA","8",2.76144444444445
"GA","9",1.84885185185185
"GA","10",0.049925925925926
"GA","11",0.121925925925926
"GA","12",0.979555555555557
"GA","14",0.562481481481482
"GA","15",0.015962962962963
"GA","17",12.2738888888889
"GA","18",0.673074074074075
"GA","19",1.33333333333333
"GA","20",0.715296296296297
"GA","21",0.207851851851852
"GA","22",0.186888888888889
"GA","23",0.79762962962963
"GA","24",0.219814814814815
"GA","25",0.021962962962963
"GA","26",0.289851851851852
"GA","27",0.029925925925926
"GA","28",0.058962962962963
"GA","29",0.147925925925926
"GA","31",0.149888888888889
"GA","33",0.012962962962963
"GA","35",0.253925925925926
"GA","36",1.30022222222222
"GA","39",0.076962962962963
"GA","60",0.813074074074075
"GA","61",0.578925925925926
"GA","62",0.129851851851852
"GA","63",0.052962962962963
"GA","64",0.136962962962963
"GA","68",0.012962962962963
"GA","77",0.079925925925926
"GA","78",0.279888888888889
"GA","79",0.583777777777778
"GA","90",0.208814814814815
"GA","91",0.521703703703704
"GA","95",4.80411111111111
"GA","98",1.14462962962963
"GA","99",2.18844444444445
"IA","1",4.82566666666667
"IA","2",1.64077777777778
"IA","5",0.025962962962963
"IA","6",0.074962962962963
"IA","8",1.37811111111111
"IA","9",0.894703703703705
"IA","11",0.032925925925926
"IA","12",0.550074074074075
"IA","13",0.060962962962963
"IA","14",2.29966666666667
"IA","15",0.023925925925926
"IA","16",0.023925925925926
"IA","17",3.71170370370371
"IA","18",0.390370370370371
"IA","19",0.224851851851852
"IA","20",0.063888888888889
"IA","21",0.114888888888889
"IA","22",0.034925925925926
"IA","25",0.046962962962963
"IA","28",0.019962962962963
"IA","30",0.032925925925926
"IA","31",0.129851851851852
"IA","36",0.191888888888889
"IA","40",0.060962962962963
"IA","42",0.016962962962963
"IA","60",0.0978518518518519
"IA","62",0.252962962962963
"IA","64",0.112962962962963
"IA","73",0.026962962962963
"IA","79",0.406740740740741
"IA","90",0.040925925925926
"IA","91",0.047925925925926
"IA","95",3.11555555555556
"IA","98",0.102888888888889
"IA","99",1.035
"ID","1",0.923592592592594
"ID","2",0.289518518518519
"ID","6",0.150925925925926
"ID","8",0.550814814814815
"ID","9",0.0428148148148149
"ID","12",0.068925925925926
"ID","14",0.329592592592593
"ID","17",1.45648148148148
"ID","18",0.110777777777778
"ID","19",0.0318888888888889
"ID","20",0.065851851851852
"ID","21",1.96555555555556
"ID","22",0.022925925925926
"ID","23",0.113851851851852
"ID","24",0.056925925925926
"ID","28",0.015962962962963
"ID","35",0.044962962962963
"ID","36",0.123814814814815
"ID","40",0.00896296296296296
"ID","60",0.013962962962963
"ID","63",0.00896296296296296
"ID","67",0.062962962962963
"ID","74",0.00696296296296296
"ID","78",0.097925925925926
"ID","79",0.080888888888889
"ID","90",0.431
"ID","91",0.035962962962963
"ID","95",1.65296296296296
"ID","98",0.199925925925926
"ID","99",0.340481481481482
"IL","1",23.6945185185185
"IL","2",6.02322222222223
"IL","3",0.047962962962963
"IL","4",0.083962962962963
"IL","5",0.116925925925926
"IL","6",0.765703703703704
"IL","8",4.03903703703704
"IL","9",1.67466666666667
"IL","10",0.062962962962963
"IL","11",0.053962962962963
"IL","12",0.670222222222223
"IL","14",3.42407407407408
"IL","16",0.100888888888889
"IL","17",11.7312222222222
"IL","18",0.537148148148149
"IL","19",1.32707407407407
"IL","20",0.166666666666667
"IL","21",0.281851851851852
"IL","22",0.185777777777778
"IL","23",0.640740740740741
"IL","24",0.092888888888889
"IL","25",0.013962962962963
"IL","27",0.038888888888889
"IL","29",0.083
"IL","30",0.468777777777778
"IL","31",0.270777777777778
"IL","32",0.048925925925926
"IL","33",0.079925925925926
"IL","34",0.015962962962963
"IL","35",0.067888888888889
"IL","36",1.30825925925926
"IL","39",0.117925925925926
"IL","40",0.014962962962963
"IL","60",0.969111111111112
"IL","61",0.822740740740741
"IL","62",0.161814814814815
"IL","63",0.086851851851852
"IL","64",0.286851851851852
"IL","67",0.040925925925926
"IL","74",0.028962962962963
"IL","77",0.00896296296296296
"IL","78",0.122888888888889
"IL","79",0.308703703703704
"IL","90",0.611481481481482
"IL","91",0.456740740740741
"IL","92",0.05
"IL","93",0.015962962962963
"IL","95",9.09407407407408
"IL","98",0.810407407407408
"IL","99",3.89459259259259
"IN","1",10.8779259259259
"IN","2",5.20962962962963
"IN","3",0.132851851851852
"IN","4",0.013962962962963
"IN","5",0.195962962962963
"IN","6",0.325740740740741
"IN","8",4.93292592592593
"IN","9",1.48351851851852
"IN","11",0.023962962962963
"IN","12",0.89125925925926
"IN","14",1.41666666666667
"IN","15",0.067
"IN","17",15.0762222222222
"IN","18",0.446444444444445
"IN","19",1.39107407407408
"IN","20",0.120814814814815
"IN","21",0.210888888888889
"IN","22",0.220740740740741
"IN","23",0.336666666666667
"IN","24",0.169851851851852
"IN","25",0.044962962962963
"IN","28",0.083962962962963
"IN","29",0.053962962962963
"IN","30",0.106814814814815
"IN","31",0.054888888888889
"IN","32",0.154851851851852
"IN","33",0.014962962962963
"IN","34",0.044925925925926
"IN","36",1.06933333333333
"IN","37",0.00796296296296296
"IN","39",0.302888888888889
"IN","40",0.042
"IN","60",0.156777777777778
"IN","61",0.039925925925926
"IN","62",0.043925925925926
"IN","63",0.142888888888889
"IN","64",0.112962962962963
"IN","66",0.04
"IN","68",0.025962962962963
"IN","70",0.061962962962963
"IN","73",0.293962962962963
"IN","77",0.152
"IN","78",0.111888888888889
"IN","79",0.57762962962963
"IN","90",0.329777777777778
"IN","91",0.117851851851852
"IN","95",8.20470370370371
"IN","98",0.80962962962963
"IN","99",1.65337037037037
"KS","1",4.22803703703704
"KS","2",2.21281481481482
"KS","3",0.010962962962963
"KS","5",0.042
"KS","6",0.137851851851852
"KS","8",1.59496296296296
"KS","9",0.804777777777779
"KS","12",0.389481481481482
"KS","14",0.561962962962964
"KS","15",0.00996296296296296
"KS","17",4.981
"KS","18",0.239555555555556
"KS","19",0.080851851851852
"KS","20",0.171962962962963
"KS","21",0.256777777777778
"KS","22",0.124888888888889
"KS","23",0.019962962962963
"KS","25",0.019962962962963
"KS","27",0.024962962962963
"KS","31",0.107888888888889
"KS","32",0.093814814814815
"KS","35",0.099
"KS","36",0.450592592592593
"KS","60",0.090814814814815
"KS","61",0.093962962962963
"KS","62",0.258962962962963
"KS","63",0.050888888888889
"KS","64",0.00996296296296296
"KS","78",0.04
"KS","79",0.059962962962963
"KS","90",0.073925925925926
"KS","91",0.066962962962963
"KS","95",2.05022222222222
"KS","98",0.510777777777778
"KS","99",0.549111111111112
"KY","1",4.92648148148149
"KY","2",8.9692962962963
"KY","3",0.324
"KY","4",0.096814814814815
"KY","5",0.065962962962963
"KY","6",0.451555555555556
"KY","7",0.00996296296296296
"KY","8",1.89648148148148
"KY","9",0.409222222222223
"KY","11",0.023962962962963
"KY","12",0.24262962962963
"KY","14",0.284740740740741
"KY","17",7.20874074074074
"KY","18",0.270555555555556
"KY","19",1.0272962962963
"KY","20",0.300740740740741
"KY","21",0.427777777777778
"KY","22",0.198666666666667
"KY","23",0.095925925925926
"KY","24",0.241962962962963
"KY","26",0.115962962962963
"KY","28",0.061925925925926
"KY","29",0.141851851851852
"KY","31",0.041925925925926
"KY","32",0.020962962962963
"KY","36",0.277592592592593
"KY","39",0.086925925925926
"KY","60",0.122888888888889
"KY","61",0.022962962962963
"KY","63",0.038925925925926
"KY","64",0.077925925925926
"KY","65",0.018962962962963
"KY","79",0.373777777777778
"KY","90",0.460851851851852
"KY","91",0.038925925925926
"KY","92",0.052962962962963
"KY","95",4.07233333333334
"KY","98",0.441703703703704
"KY","99",1.35285185185185
"LA","1",10.9215925925926
"LA","2",10.9100740740741
"LA","3",0.180925925925926
"LA","5",0.269888888888889
"LA","6",0.38062962962963
"LA","8",0.929185185185186
"LA","9",0.869148148148149
"LA","12",0.222777777777778
"LA","13",0.021962962962963
"LA","14",0.205814814814815
"LA","15",0.00896296296296296
"LA","17",3.60714814814815
"LA","18",0.28562962962963
"LA","19",0.92062962962963
"LA","20",0.155777777777778
"LA","21",0.037925925925926
"LA","22",0.170814814814815
"LA","23",0.190888888888889
"LA","25",0.00896296296296296
"LA","26",0.084925925925926
"LA","27",0.041
"LA","31",0.027962962962963
"LA","32",0.1
"LA","36",0.872703703703704
"LA","60",0.054888888888889
"LA","63",0.068925925925926
"LA","64",0.041
"LA","67",0.051962962962963
"LA","77",0.122
"LA","79",0.201925925925926
"LA","90",0.342925925925926
"LA","91",0.383851851851852
"LA","95",2.19303703703704
"LA","98",0.039925925925926
"LA","99",1.21055555555556
"MA","1",18.5260740740741
"MA","2",0.830481481481482
"MA","5",0.237
"MA","6",0.030962962962963
"MA","8",4.19522222222223
"MA","9",0.286666666666667
"MA","12",0.092925925925926
"MA","14",0.192703703703704
"MA","17",4.39348148148148
"MA","18",0.164851851851852
"MA","19",0.195740740740741
"MA","20",0.463296296296297
"MA","21",0.045925925925926
"MA","22",0.013962962962963
"MA","23",0.185925925925926
"MA","24",0.081925925925926
"MA","30",0.532888888888889
"MA","31",0.081
"MA","33",0.018962962962963
"MA","35",0.061962962962963
"MA","36",0.648777777777778
"MA","39",0.123888888888889
"MA","40",0.048962962962963
"MA","60",1.20781481481482
"MA","61",0.071925925925926
"MA","62",0.401740740740741
"MA","63",0.316592592592593
"MA","64",0.048962962962963
"MA","66",0.013962962962963
"MA","68",0.041
"MA","70",0.065962962962963
"MA","73",0.034925925925926
"MA","78",0.063888888888889
"MA","79",0.373777777777778
"MA","90",0.309777777777778
"MA","91",0.582666666666667
"MA","95",9.88888888888889
"MA","98",0.626592592592593
"MA","99",2.78814814814815
"MD","1",13.1098518518519
"MD","2",4.8692962962963
"MD","3",0.164851851851852
"MD","5",0.013962962962963
"MD","6",0.036962962962963
"MD","7",0.032962962962963
"MD","8",2.16477777777778
"MD","9",1.92922222222222
"MD","10",0.216888888888889
"MD","11",0.101925925925926
"MD","12",0.566370370370371
"MD","13",0.010962962962963
"MD","14",1.07581481481482
"MD","15",0.112962962962963
"MD","17",8.57192592592593
"MD","18",0.408370370370371
"MD","19",0.726481481481482
"MD","20",0.620148148148149
"MD","21",0.086925925925926
"MD","22",0.027962962962963
"MD","23",0.324777777777778
"MD","24",0.57562962962963
"MD","25",0.044962962962963
"MD","26",0.057962962962963
"MD","28",0.022962962962963
"MD","29",0.373
"MD","30",0.115888888888889
"MD","31",0.077925925925926
"MD","32",0.036962962962963
"MD","33",0.035
"MD","34",0.086925925925926
"MD","36",0.747592592592593
"MD","37",0.051962962962963
"MD","39",0.175851851851852
"MD","40",0.047925925925926
"MD","60",1.24848148148148
"MD","61",0.630777777777778
"MD","62",0.259814814814815
"MD","63",0.22462962962963
"MD","64",0.162851851851852
"MD","75",0.119962962962963
"MD","78",0.135925925925926
"MD","79",0.238814814814815
"MD","90",0.118777777777778
"MD","91",0.371703703703704
"MD","92",0.00996296296296296
"MD","95",6.03677777777778
"MD","98",0.312703703703704
"MD","99",2.00696296296297
"ME","1",3.0502962962963
"ME","2",2.12977777777778
"ME","3",0.058962962962963
"ME","8",1.81337037037037
"ME","9",0.340518518518519
"ME","12",0.030925925925926
"ME","14",0.076888888888889
"ME","17",1.77359259259259
"ME","18",0.0968148148148149
"ME","19",0.147888888888889
"ME","20",0.184703703703704
"ME","21",0.088925925925926
"ME","22",0.00796296296296296
"ME","23",0.093962962962963
"ME","27",0.053925925925926
"ME","30",0.0159259259259259
"ME","36",0.081
"ME","60",0.161740740740741
"ME","61",0.016962962962963
"ME","62",0.040888888888889
"ME","63",0.016962962962963
"ME","75",0.074962962962963
"ME","77",0.026962962962963
"ME","78",0.041
"ME","79",0.029925925925926
"ME","90",0.146851851851852
"ME","91",0.210851851851852
"ME","95",3.22292592592593
"ME","98",0.185851851851852
"ME","99",0.361333333333334
"MI","1",13.1556666666667
"MI","2",6.46125925925926
"MI","3",0.286925925925926
"MI","4",0.05
"MI","5",0.113925925925926
"MI","6",0.307777777777778
"MI","8",5.55622222222223
"MI","9",1.73825925925926
"MI","11",0.081925925925926
"MI","12",0.492481481481482
"MI","13",0.031962962962963
"MI","14",4.20655555555556
"MI","15",0.043962962962963
"MI","16",0.085962962962963
"MI","17",12.8486296296296
"MI","18",1.00281481481482
"MI","19",0.970333333333334
"MI","20",0.243592592592593
"MI","21",0.286740740740741
"MI","22",0.017962962962963
"MI","23",0.335703703703704
"MI","24",0.383925925925926
"MI","25",0.05
"MI","27",0.020962962962963
"MI","29",0.056962962962963
"MI","30",0.399666666666667
"MI","31",0.044962962962963
"MI","32",0.010962962962963
"MI","33",0.230962962962963
"MI","34",0.105962962962963
"MI","36",1.3192962962963
"MI","38",0.106851851851852
"MI","39",0.201851851851852
"MI","60",0.33862962962963
"MI","61",0.546888888888889
"MI","62",0.356740740740741
"MI","63",0.163888888888889
"MI","64",0.199888888888889
"MI","73",0.183925925925926
"MI","78",0.345851851851852
"MI","79",0.472777777777778
"MI","90",0.524814814814815
"MI","91",0.274666666666667
"MI","95",10.257962962963
"MI","98",0.654444444444445
"MI","99",2.88862962962963
"MN","1",11.1727777777778
"MN","2",1.19614814814815
"MN","7",0.035962962962963
"MN","8",1.98048148148148
"MN","9",0.500333333333334
"MN","10",0.046962962962963
"MN","11",0.017962962962963
"MN","12",0.267703703703704
"MN","14",8.25718518518519
"MN","15",0.195740740740741
"MN","16",0.048962962962963
"MN","17",5.82707407407408
"MN","18",0.63925925925926
"MN","19",0.032962962962963
"MN","20",0.215777777777778
"MN","21",0.081888888888889
"MN","22",0.010962962962963
"MN","23",0.214888888888889
"MN","24",0.099888888888889
"MN","27",0.034925925925926
"MN","30",0.252888888888889
"MN","31",0.157740740740741
"MN","36",0.511555555555556
"MN","38",0.014962962962963
"MN","39",0.052962962962963
"MN","60",0.061925925925926
"MN","61",0.489851851851852
"MN","63",0.154851851851852
"MN","64",0.045962962962963
"MN","65",0.135925925925926
"MN","67",0.041
"MN","73",0.206888888888889
"MN","77",0.089962962962963
"MN","78",0.157
"MN","79",0.050962962962963
"MN","90",0.027962962962963
"MN","91",0.248851851851852
"MN","95",4.3765925925926
"MN","98",0.32162962962963
"MN","99",1.58925925925926
"MO","1",8.1472962962963
"MO","2",6.9772962962963
"MO","3",0.059925925925926
"MO","4",0.037962962962963
"MO","5",0.023962962962963
"MO","6",0.621370370370371
"MO","7",0.04
"MO","8",3.04333333333334
"MO","9",1.52559259259259
"MO","10",0.110962962962963
"MO","11",0.053962962962963
"MO","12",0.492518518518519
"MO","14",1.79262962962963
"MO","15",0.015962962962963
"MO","17",8.77214814814815
"MO","18",0.480222222222223
"MO","19",1.59874074074074
"MO","20",0.220740740740741
"MO","21",0.311592592592593
"MO","22",0.251814814814815
"MO","23",0.174925925925926
"MO","25",0.077925925925926
"MO","27",0.016962962962963
"MO","29",0.025962962962963
"MO","30",0.140851851851852
"MO","31",0.021962962962963
"MO","32",0.275925925925926
"MO","35",0.013962962962963
"MO","36",0.733333333333334
"MO","37",0.041
"MO","39",0.012962962962963
"MO","60",0.340666666666667
"MO","61",0.247962962962963
"MO","62",0.316888888888889
"MO","63",0.147851851851852
"MO","77",0.048962962962963
"MO","78",0.078888888888889
"MO","79",0.179740740740741
"MO","90",0.093888888888889
"MO","91",0.207888888888889
"MO","95",5.93411111111111
"MO","98",0.544666666666667
"MO","99",1.58025925925926
"MS","1",1.83096296296296
"MS","2",7.22437037037038
"MS","3",0.191888888888889
"MS","5",0.058925925925926
"MS","6",0.614370370370371
"MS","7",0.00896296296296296
"MS","8",0.558037037037038
"MS","9",0.688185185185186
"MS","12",0.259518518518519
"MS","14",0.073962962962963
"MS","17",1.36351851851852
"MS","18",0.106666666666667
"MS","19",0.633481481481482
"MS","20",0.021925925925926
"MS","21",0.049962962962963
"MS","22",0.059925925925926
"MS","23",0.280777777777778
"MS","26",0.027962962962963
"MS","30",0.022962962962963
"MS","33",0.239
"MS","36",0.459703703703704
"MS","39",0.096962962962963
"MS","47",0.048962962962963
"MS","63",0.016962962962963
"MS","79",0.175814814814815
"MS","95",0.832333333333334
"MS","98",0.265888888888889
"MS","99",0.285777777777778
"MT","1",0.938592592592594
"MT","2",0.152740740740741
"MT","8",0.455222222222223
"MT","9",0.104740740740741
"MT","12",0.019925925925926
"MT","14",0.939148148148149
"MT","17",2.04803703703704
"MT","18",0.067851851851852
"MT","19",0.239814814814815
"MT","20",0.049925925925926
"MT","21",0.251740740740741
"MT","25",0.013962962962963
"MT","27",0.00896296296296296
"MT","31",0.019962962962963
"MT","36",0.174814814814815
"MT","39",0.034
"MT","60",0.010962962962963
"MT","63",0.133
"MT","65",0.034
"MT","68",0.029962962962963
"MT","74",0.00896296296296296
"MT","77",0.038962962962963
"MT","78",0.025962962962963
"MT","79",0.0698148148148149
"MT","90",0.00896296296296296
"MT","91",0.107962962962963
"MT","95",1.53211111111111
"MT","98",0.00896296296296296
"MT","99",0.421370370370371
"NC","1",6.51896296296297
"NC","2",19.8603703703704
"NC","3",0.191814814814815
"NC","4",0.891481481481482
"NC","5",0.056925925925926
"NC","6",1.22466666666667
"NC","7",0.297703703703704
"NC","8",4.69366666666667
"NC","9",3.04288888888889
"NC","10",0.258888888888889
"NC","11",0.082925925925926
"NC","12",1.27437037037037
"NC","13",0.130851851851852
"NC","14",1.09285185185185
"NC","17",13.1739259259259
"NC","18",1.94918518518519
"NC","19",2.0217037037037
"NC","20",0.600185185185186
"NC","21",0.589888888888889
"NC","22",0.224740740740741
"NC","23",0.31962962962963
"NC","24",0.208777777777778
"NC","26",0.643481481481482
"NC","27",0.049925925925926
"NC","29",0.065962962962963
"NC","30",0.022962962962963
"NC","31",0.334962962962963
"NC","35",0.068
"NC","36",1.2402962962963
"NC","37",0.024962962962963
"NC","39",0.141814814814815
"NC","40",0.056962962962963
"NC","41",0.041
"NC","45",0.024962962962963
"NC","46",0.057925925925926
"NC","47",0.025962962962963
"NC","60",0.37762962962963
"NC","61",0.063888888888889
"NC","62",0.392777777777778
"NC","63",0.115814814814815
"NC","70",0.00996296296296296
"NC","72",0.134
"NC","73",0.066925925925926
"NC","78",0.00896296296296296
"NC","79",1.12318518518519
"NC","90",0.54062962962963
"NC","91",0.564703703703704
"NC","92",0.017962962962963
"NC","95",6.25751851851852
"NC","98",1.01144444444445
"NC","99",3.41581481481482
"ND","1",1.55714814814815
"ND","2",0.120814814814815
"ND","8",0.322370370370371
"ND","9",0.051888888888889
"ND","12",0.014962962962963
"ND","14",1.98077777777778
"ND","15",0.016962962962963
"ND","17",0.655222222222223
"ND","18",0.145925925925926
"ND","19",0.034
"ND","21",0.046962962962963
"ND","31",0.042888888888889
"ND","36",0.026962962962963
"ND","39",0.050962962962963
"ND","91",0.028962962962963
"ND","95",0.347777777777778
"ND","98",0.066925925925926
"ND","99",0.140814814814815
"NE","1",2.49559259259259
"NE","2",0.655481481481482
"NE","6",0.204925925925926
"NE","7",0.00696296296296296
"NE","8",0.80562962962963
"NE","9",0.554148148148149
"NE","12",0.426481481481482
"NE","14",1.10818518518519
"NE","15",0.013962962962963
"NE","16",0.011962962962963
"NE","17",1.74896296296296
"NE","18",0.252703703703704
"NE","19",0.018962962962963
"NE","20",0.019962962962963
"NE","21",0.050925925925926
"NE","22",0.022962962962963
"NE","24",0.025962962962963
"NE","25",0.092888888888889
"NE","30",0.023962962962963
"NE","31",0.041925925925926
"NE","36",0.064888888888889
"NE","60",0.011962962962963
"NE","62",0.015962962962963
"NE","65",0.220962962962963
"NE","78",0.030962962962963
"NE","79",0.056888888888889
"NE","90",0.0418518518518519
"NE","91",0.075925925925926
"NE","95",1.80896296296296
"NE","98",0.097925925925926
"NE","99",0.570740740740741
"NH","1",3.16488888888889
"NH","2",0.516703703703704
"NH","3",0.048962962962963
"NH","6",0.04
"NH","8",1.02681481481482
"NH","9",0.042888888888889
"NH","12",0.083888888888889
"NH","14",0.124777777777778
"NH","17",0.76425925925926
"NH","19",0.022925925925926
"NH","20",0.193777777777778
"NH","22",0.013962962962963
"NH","23",0.00996296296296296
"NH","31",0.042
"NH","36",0.068925925925926
"NH","39",0.054962962962963
"NH","40",0.065888888888889
"NH","60",0.063851851851852
"NH","61",0.048962962962963
"NH","62",0.014962962962963
"NH","63",0.041925925925926
"NH","65",0.033925925925926
"NH","77",0.00896296296296296
"NH","78",0.034
"NH","90",0.079888888888889
"NH","91",0.179925925925926
"NH","95",2.699
"NH","98",0.321888888888889
"NH","99",0.370555555555556
"NJ","1",22.6822962962963
"NJ","2",2.78
"NJ","3",0.026962962962963
"NJ","7",0.148888888888889
"NJ","8",2.85448148148148
"NJ","9",0.895111111111112
"NJ","10",0.078925925925926
"NJ","11",0.087962962962963
"NJ","12",0.225814814814815
"NJ","14",0.494407407407408
"NJ","15",0.015962962962963
"NJ","17",5.85025925925926
"NJ","18",0.697370370370371
"NJ","19",1.0097037037037
"NJ","20",0.368370370370371
"NJ","21",0.055962962962963
"NJ","23",0.142925925925926
"NJ","24",0.159
"NJ","29",0.048962962962963
"NJ","30",0.233851851851852
"NJ","36",1.01485185185185
"NJ","38",0.034
"NJ","39",0.114962962962963
"NJ","40",0.030925925925926
"NJ","60",2.29533333333334
"NJ","61",0.624666666666667
"NJ","62",0.374740740740741
"NJ","63",0.0169259259259259
"NJ","64",0.466555555555556
"NJ","68",0.029962962962963
"NJ","78",0.070962962962963
"NJ","79",0.348703703703704
"NJ","90",1.2017037037037
"NJ","91",0.698666666666667
"NJ","92",0.00996296296296296
"NJ","95",6.32481481481482
"NJ","98",0.340740740740741
"NJ","99",2.991
"NM","1",3.90048148148148
"NM","2",0.426407407407408
"NM","3",0.04
"NM","6",0.0897777777777779
"NM","7",0.016962962962963
"NM","8",0.750037037037038
"NM","9",0.163740740740741
"NM","12",0.029925925925926
"NM","14",0.215740740740741
"NM","17",2.34851851851852
"NM","18",0.0808888888888889
"NM","19",0.108962962962963
"NM","20",0.092851851851852
"NM","21",0.296666666666667
"NM","22",0.107888888888889
"NM","23",0.079962962962963
"NM","24",0.018962962962963
"NM","28",0.025962962962963
"NM","30",0.050925925925926
"NM","31",0.204962962962963
"NM","36",0.119851851851852
"NM","60",0.112814814814815
"NM","62",0.053962962962963
"NM","63",0.025925925925926
"NM","65",0.047962962962963
"NM","67",0.013962962962963
"NM","68",0.020962962962963
"NM","78",0.00896296296296296
"NM","79",0.103814814814815
"NM","90",0.320962962962963
"NM","91",0.035
"NM","92",0.018962962962963
"NM","95",1.63511111111111
"NM","98",0.063925925925926
"NM","99",0.795296296296297
"NV","1",4.58137037037037
"NV","2",0.860407407407408
"NV","3",0.020962962962963
"NV","6",0.145925925925926
"NV","8",0.892740740740742
"NV","9",0.265740740740741
"NV","10",0.032962962962963
"NV","12",0.0987777777777779
"NV","14",0.38362962962963
"NV","17",3.40025925925926
"NV","18",0.284703703703704
"NV","19",0.224888888888889
"NV","20",0.217925925925926
"NV","21",0.846407407407408
"NV","22",0.048962962962963
"NV","23",0.013962962962963
"NV","30",0.012962962962963
"NV","35",0.021962962962963
"NV","36",0.183777777777778
"NV","39",0.167
"NV","60",0.199777777777778
"NV","62",0.046962962962963
"NV","64",0.113962962962963
"NV","68",0.018962962962963
"NV","70",0.025962962962963
"NV","73",0.055962962962963
"NV","77",0.125962962962963
"NV","78",0.050962962962963
"NV","79",0.386703703703704
"NV","90",0.317777777777778
"NV","91",0.331777777777778
"NV","94",0.063962962962963
"NV","95",4.14925925925926
"NV","98",0.063888888888889
"NV","99",1.28811111111111
"NY","1",45.3958888888889
"NY","2",5.90407407407408
"NY","3",0.345740740740741
"NY","5",0.364925925925926
"NY","6",0.07
"NY","7",0.050962962962963
"NY","8",7.16344444444445
"NY","9",2.22062962962963
"NY","10",0.00996296296296296
"NY","11",0.383888888888889
"NY","12",0.671333333333334
"NY","13",0.019962962962963
"NY","14",1.69711111111111
"NY","15",0.098925925925926
"NY","17",15.4287407407407
"NY","18",1.38240740740741
"NY","19",1.22811111111111
"NY","20",1.04048148148148
"NY","21",0.269703703703704
"NY","22",0.111925925925926
"NY","23",0.856370370370371
"NY","24",0.951703703703704
"NY","29",0.038962962962963
"NY","30",0.82525925925926
"NY","31",0.132851851851852
"NY","32",0.098
"NY","33",0.499814814814815
"NY","35",0.015962962962963
"NY","36",1.13533333333333
"NY","38",0.079925925925926
"NY","39",1.18166666666667
"NY","40",0.029962962962963
"NY","46",0.034
"NY","60",5.06966666666667
"NY","61",1.01940740740741
"NY","62",0.93825925925926
"NY","63",0.252518518518519
"NY","64",0.759481481481482
"NY","65",0.186925925925926
"NY","67",0.067
"NY","70",0.051962962962963
"NY","71",0.197962962962963
"NY","73",0.101888888888889
"NY","74",0.038925925925926
"NY","75",0.00896296296296296
"NY","77",0.047925925925926
"NY","78",0.341740740740741
"NY","79",0.478444444444445
"NY","90",0.921185185185186
"NY","91",0.820296296296297
"NY","93",0.063962962962963
"NY","95",16.3121111111111
"NY","98",1.43103703703704
"NY","99",6.61866666666667
"OH","1",19.7448518518519
"OH","2",10.1764444444445
"OH","3",0.195925925925926
"OH","4",0.302925925925926
"OH","6",0.377666666666667
"OH","7",0.035962962962963
"OH","8",10.7822592592593
"OH","9",2.81492592592593
"OH","11",0.079925925925926
"OH","12",1.54044444444445
"OH","14",2.59937037037037
"OH","15",0.00896296296296296
"OH","17",18.238962962963
"OH","18",1.82625925925926
"OH","19",2.18503703703704
"OH","20",0.390518518518519
"OH","21",0.198925925925926
"OH","22",0.52562962962963
"OH","23",0.488592592592593
"OH","24",0.263740740740741
"OH","25",0.011962962962963
"OH","26",0.188962962962963
"OH","29",0.181925925925926
"OH","30",0.232814814814815
"OH","31",0.150851851851852
"OH","32",0.036925925925926
"OH","33",0.038962962962963
"OH","34",0.083
"OH","36",1.55192592592593
"OH","37",0.031962962962963
"OH","39",0.292777777777778
"OH","40",0.057925925925926
"OH","60",0.887296296296297
"OH","61",0.347851851851852
"OH","62",0.094925925925926
"OH","63",0.162925925925926
"OH","64",0.023962962962963
"OH","72",0.198
"OH","73",0.069962962962963
"OH","75",0.017962962962963
"OH","77",0.754925925925926
"OH","78",0.020962962962963
"OH","79",0.737407407407408
"OH","90",0.691814814814815
"OH","91",1.65662962962963
"OH","95",14.4352222222222
"OH","98",0.936407407407408
"OH","99",2.95307407407408
"OK","1",2.02455555555556
"OK","2",5.7902962962963
"OK","3",0.231777777777778
"OK","4",0.145814814814815
"OK","5",0.035
"OK","6",0.367666666666667
"OK","7",0.061888888888889
"OK","8",1.92277777777778
"OK","9",0.714111111111112
"OK","10",0.125
"OK","11",0.024962962962963
"OK","12",0.209666666666667
"OK","14",0.33762962962963
"OK","15",0.057925925925926
"OK","17",7.59696296296297
"OK","18",0.206740740740741
"OK","19",1.4962962962963
"OK","20",0.170777777777778
"OK","21",0.408777777777778
"OK","22",0.288666666666667
"OK","24",0.127925925925926
"OK","26",0.030962962962963
"OK","27",0.012962962962963
"OK","28",0.110962962962963
"OK","31",0.019962962962963
"OK","32",0.015962962962963
"OK","36",0.397592592592593
"OK","37",0.057962962962963
"OK","39",0.067888888888889
"OK","60",0.071925925925926
"OK","61",0.122
"OK","62",0.086962962962963
"OK","64",0.086962962962963
"OK","65",0.04
"OK","77",0.064962962962963
"OK","78",0.133962962962963
"OK","79",0.228851851851852
"OK","90",0.423962962962963
"OK","91",0.141962962962963
"OK","95",2.73033333333333
"OK","98",0.705592592592593
"OK","99",0.961333333333334
"OR","1",4.54748148148148
"OR","2",1.19085185185185
"OR","6",0.250925925925926
"OR","7",0.013962962962963
"OR","8",2.18303703703704
"OR","9",0.417444444444445
"OR","12",0.160703703703704
"OR","14",0.529000000000001
"OR","15",0.020962962962963
"OR","17",8.90966666666667
"OR","18",0.291333333333334
"OR","19",0.241703703703704
"OR","20",0.366370370370371
"OR","21",0.857185185185186
"OR","22",0.031962962962963
"OR","23",0.055925925925926
"OR","24",0.096925925925926
"OR","28",0.039925925925926
"OR","29",0.014962962962963
"OR","30",0.161
"OR","31",0.037888888888889
"OR","32",0.073925925925926
"OR","33",0.139962962962963
"OR","35",0.034
"OR","36",0.662592592592593
"OR","40",0.181888888888889
"OR","60",0.195703703703704
"OR","61",0.082
"OR","62",0.205777777777778
"OR","63",0.139851851851852
"OR","64",0.013962962962963
"OR","65",0.079962962962963
"OR","67",0.035925925925926
"OR","68",0.041
"OR","77",0.041
"OR","79",0.322703703703704
"OR","90",0.229703703703704
"OR","91",0.793481481481482
"OR","92",0.029925925925926
"OR","95",6.53466666666667
"OR","98",0.818592592592593
"OR","99",1.3522962962963
"PA","1",35.7384074074074
"PA","2",5.51444444444445
"PA","3",0.116925925925926
"PA","5",0.057888888888889
"PA","6",0.152851851851852
"PA","7",0.051888888888889
"PA","8",11.1317777777778
"PA","9",3.92718518518519
"PA","10",0.058925925925926
"PA","11",0.226777777777778
"PA","12",1.77522222222222
"PA","14",4.6735925925926
"PA","15",0.029962962962963
"PA","17",17.109962962963
"PA","18",2.56681481481482
"PA","19",0.702296296296297
"PA","20",1.12266666666667
"PA","21",0.342666666666667
"PA","22",0.091925925925926
"PA","23",0.494555555555556
"PA","24",0.221851851851852
"PA","25",0.098962962962963
"PA","27",0.103851851851852
"PA","29",0.034925925925926
"PA","30",0.376592592592593
"PA","31",0.996888888888889
"PA","32",0.641740740740741
"PA","33",0.010962962962963
"PA","34",0.141888888888889
"PA","35",0.064925925925926
"PA","36",1.21914814814815
"PA","37",0.00896296296296296
"PA","39",0.066925925925926
"PA","40",0.066851851851852
"PA","44",0.021962962962963
"PA","60",1.03140740740741
"PA","61",0.997518518518519
"PA","62",0.998740740740741
"PA","63",0.176666666666667
"PA","64",0.338814814814815
"PA","65",0.122
"PA","69",0.013962962962963
"PA","73",0.494851851851852
"PA","78",0.053962962962963
"PA","79",0.565333333333334
"PA","90",0.919222222222223
"PA","91",0.603370370370371
"PA","92",0.304
"PA","93",0.016962962962963
"PA","94",0.029962962962963
"PA","95",15.3455925925926
"PA","98",0.74525925925926
"PA","99",3.87492592592593
"RI","1",4.37737037037037
"RI","2",0.309777777777778
"RI","3",0.065962962962963
"RI","8",0.413407407407408
"RI","9",0.069888888888889
"RI","14",0.129888888888889
"RI","17",0.826370370370371
"RI","18",0.010962962962963
"RI","19",0.575925925925926
"RI","20",0.111851851851852
"RI","21",0.048962962962963
"RI","23",0.091925925925926
"RI","36",0.010962962962963
"RI","39",0.040925925925926
"RI","60",0.047925925925926
"RI","61",0.076962962962963
"RI","63",0.022962962962963
"RI","64",0.030962962962963
"RI","79",0.021962962962963
"RI","90",0.118925925925926
"RI","91",0.011962962962963
"RI","95",1.646
"RI","98",0.145814814814815
"RI","99",0.371592592592593
"SC","1",3.72333333333334
"SC","2",10.3747037037037
"SC","3",0.120888888888889
"SC","4",0.083888888888889
"SC","5",0.123925925925926
"SC","6",0.597407407407408
"SC","7",0.035962962962963
"SC","8",1.80588888888889
"SC","9",1.70059259259259
"SC","10",0.135888888888889
"SC","11",0.091888888888889
"SC","12",0.388444444444445
"SC","13",0.027962962962963
"SC","14",0.461518518518519
"SC","15",0.104888888888889
"SC","17",6.28574074074074
"SC","18",0.665000000000001
"SC","19",1.0712962962963
"SC","20",0.390518518518519
"SC","21",0.298814814814815
"SC","22",0.107888888888889
"SC","23",0.448592592592593
"SC","24",0.263925925925926
"SC","26",0.380777777777778
"SC","28",0.011962962962963
"SC","29",0.249925925925926
"SC","32",0.012962962962963
"SC","36",0.953444444444445
"SC","39",0.108925925925926
"SC","46",0.016962962962963
"SC","60",0.363666666666667
"SC","61",0.048925925925926
"SC","62",0.116925925925926
"SC","65",0.020962962962963
"SC","73",0.133
"SC","78",0.017962962962963
"SC","79",0.393666666666667
"SC","90",0.064925925925926
"SC","91",0.076925925925926
"SC","95",3.72422222222222
"SC","98",0.512740740740741
"SC","99",1.15
"SD","1",1.23137037037037
"SD","2",0.298592592592593
"SD","3",0.024962962962963
"SD","8",0.538518518518519
"SD","9",0.191740740740741
"SD","12",0.159703703703704
"SD","14",0.974592592592594
"SD","15",0.014962962962963
"SD","17",0.864148148148149
"SD","18",0.187666666666667
"SD","20",0.140851851851852
"SD","21",0.080888888888889
"SD","22",0.027925925925926
"SD","23",0.012962962962963
"SD","24",0.023962962962963
"SD","27",0.158925925925926
"SD","28",0.022925925925926
"SD","31",0.011962962962963
"SD","36",0.017962962962963
"SD","41",0.014962962962963
"SD","60",0.012962962962963
"SD","64",0.052962962962963
"SD","65",0.113962962962963
"SD","77",0.016962962962963
"SD","79",0.086888888888889
"SD","90",0.019962962962963
"SD","95",0.774444444444445
"SD","98",0.016962962962963
"SD","99",0.309777777777778
"TN","1",3.10881481481482
"TN","2",13.354037037037
"TN","3",0.364777777777778
"TN","4",0.270740740740741
"TN","5",0.015962962962963
"TN","6",0.811074074074075
"TN","7",0.347888888888889
"TN","8",2.82033333333334
"TN","9",1.367
"TN","11",0.0179259259259259
"TN","12",0.666185185185186
"TN","13",0.012962962962963
"TN","14",0.563777777777778
"TN","17",8.97162962962964
"TN","18",0.561037037037038
"TN","19",1.11903703703704
"TN","20",0.602666666666667
"TN","21",0.459814814814815
"TN","22",1.58440740740741
"TN","23",0.236851851851852
"TN","24",0.286814814814815
"TN","25",0.020962962962963
"TN","26",0.019962962962963
"TN","27",0.014962962962963
"TN","29",0.070925925925926
"TN","31",0.062888888888889
"TN","33",0.011962962962963
"TN","35",0.083
"TN","36",0.997333333333334
"TN","38",0.023962962962963
"TN","39",0.00896296296296296
"TN","40",0.013962962962963
"TN","47",0.046962962962963
"TN","60",0.058888888888889
"TN","61",0.416925925925926
"TN","62",0.127888888888889
"TN","63",0.049851851851852
"TN","64",0.202925925925926
"TN","73",0.142962962962963
"TN","77",0.133
"TN","78",0.107925925925926
"TN","79",0.368740740740741
"TN","90",0.138888888888889
"TN","91",0.117814814814815
"TN","95",3.99118518518519
"TN","98",0.350740740740741
"TN","99",2.15640740740741
"TX","1",55.8132962962963
"TX","2",23.8874074074074
"TX","3",0.231851851851852
"TX","5",1.10496296296296
"TX","6",2.64251851851852
"TX","7",0.072925925925926
"TX","8",7.48496296296297
"TX","9",3.16974074074074
"TX","10",0.018962962962963
"TX","12",1.64648148148148
"TX","14",1.70640740740741
"TX","16",0.044925925925926
"TX","17",28.4467407407408
"TX","18",1.75214814814815
"TX","19",3.24662962962963
"TX","20",1.45651851851852
"TX","21",0.998407407407408
"TX","22",2.03622222222222
"TX","23",1.34951851851852
"TX","24",0.180925925925926
"TX","25",0.038925925925926
"TX","26",0.010962962962963
"TX","28",0.053962962962963
"TX","30",0.309814814814815
"TX","31",0.886814814814815
"TX","32",0.1
"TX","33",0.693962962962963
"TX","35",0.020962962962963
"TX","36",3.19874074074074
"TX","37",0.022962962962963
"TX","39",0.305888888888889
"TX","40",0.030962962962963
"TX","42",0.064962962962963
"TX","44",0.065962962962963
"TX","47",0.027962962962963
"TX","60",0.825333333333334
"TX","61",0.491740740740741
"TX","62",0.770888888888889
"TX","63",0.287888888888889
"TX","64",0.252851851851852
"TX","73",0.142888888888889
"TX","74",0.064962962962963
"TX","77",0.272925925925926
"TX","78",0.294814814814815
"TX","79",1.50825925925926
"TX","90",0.970740740740741
"TX","91",0.911444444444445
"TX","92",0.052888888888889
"TX","93",0.018962962962963
"TX","95",19.0097407407407
"TX","98",1.85548148148148
"TX","99",8.2022962962963
"UT","1",1.21807407407407
"UT","2",0.160814814814815
"UT","6",0.010962962962963
"UT","8",0.320592592592593
"UT","9",0.00796296296296296
"UT","12",0.035962962962963
"UT","14",0.147851851851852
"UT","17",1.52088888888889
"UT","20",0.025925925925926
"UT","21",9.66748148148149
"UT","22",0.183814814814815
"UT","23",0.038962962962963
"UT","31",0.098962962962963
"UT","32",0.059962962962963
"UT","36",0.138851851851852
"UT","62",0.084925925925926
"UT","71",0.050962962962963
"UT","74",0.017962962962963
"UT","79",0.162851851851852
"UT","93",0.070962962962963
"UT","95",2.23855555555556
"UT","98",0.286777777777778
"UT","99",0.979148148148149
"VA","1",7.29225925925926
"VA","2",12.008962962963
"VA","3",0.221851851851852
"VA","4",0.075925925925926
"VA","5",0.072962962962963
"VA","6",0.550555555555556
"VA","7",0.042888888888889
"VA","8",3.42340740740741
"VA","9",2.24281481481482
"VA","10",0.019962962962963
"VA","12",0.913851851851853
"VA","13",0.034
"VA","14",1.05181481481482
"VA","15",0.042962962962963
"VA","17",13.7987407407407
"VA","18",0.94451851851852
"VA","19",1.02925925925926
"VA","20",1.20496296296296
"VA","21",0.629592592592593
"VA","22",0.185814814814815
"VA","23",0.399777777777778
"VA","24",0.363851851851852
"VA","26",0.273888888888889
"VA","30",0.295851851851852
"VA","31",0.050925925925926
"VA","32",0.029925925925926
"VA","33",0.083888888888889
"VA","34",0.217740740740741
"VA","36",2.89833333333333
"VA","39",0.128925925925926
"VA","45",0.029962962962963
"VA","60",0.533518518518519
"VA","61",1.0437037037037
"VA","62",0.189740740740741
"VA","63",0.236703703703704
"VA","64",0.346814814814815
"VA","65",0.064962962962963
"VA","67",0.013962962962963
"VA","70",0.053962962962963
"VA","74",0.00896296296296296
"VA","75",0.041
"VA","77",0.024962962962963
"VA","78",0.043925925925926
"VA","79",0.249814814814815
"VA","90",0.355666666666667
"VA","91",0.647592592592593
"VA","95",8.85392592592593
"VA","98",0.654592592592593
"VA","99",2.66814814814815
"VT","1",1.15118518518519
"VT","2",0.0348888888888889
"VT","3",0.011962962962963
"VT","8",0.465925925925927
"VT","9",0.0977777777777779
"VT","12",0.064925925925926
"VT","13",0.011962962962963
"VT","17",0.332444444444445
"VT","19",0.018962962962963
"VT","20",0.0288888888888889
"VT","21",0.00796296296296296
"VT","27",0.00896296296296296
"VT","33",0.031925925925926
"VT","36",0.090962962962963
"VT","39",0.043962962962963
"VT","60",0.022925925925926
"VT","62",0.0807777777777779
"VT","63",0.032925925925926
"VT","65",0.00696296296296296
"VT","73",0.00996296296296296
"VT","79",0.0268888888888889
"VT","90",0.183851851851852
"VT","91",0.055925925925926
"VT","95",1.25351851851852
"VT","98",0.0498888888888889
"VT","99",0.22662962962963
"WA","1",8.05355555555556
"WA","2",1.33811111111111
"WA","3",0.020962962962963
"WA","6",0.036888888888889
"WA","8",4.10185185185186
"WA","9",0.348555555555556
"WA","10",0.023962962962963
"WA","12",0.292592592592593
"WA","14",2.25285185185185
"WA","17",10.3052592592593
"WA","18",0.675111111111112
"WA","19",0.273777777777778
"WA","20",0.322481481481482
"WA","21",1.9602962962963
"WA","22",0.045962962962963
"WA","23",0.375740740740741
"WA","24",0.368777777777778
"WA","25",0.057925925925926
"WA","28",0.031962962962963
"WA","30",0.107888888888889
"WA","31",0.243814814814815
"WA","33",0.048925925925926
"WA","36",1.29111111111111
"WA","39",0.287925925925926
"WA","40",0.00896296296296296
"WA","43",0.012962962962963
"WA","60",0.115888888888889
"WA","61",0.065962962962963
"WA","62",0.494555555555556
"WA","63",0.393518518518519
"WA","64",0.103962962962963
"WA","65",0.252962962962963
"WA","67",0.148814814814815
"WA","68",0.035962962962963
"WA","73",0.237814814814815
"WA","74",0.042962962962963
"WA","75",0.023962962962963
"WA","78",0.231851851851852
"WA","79",0.297518518518519
"WA","90",0.778592592592593
"WA","91",1.00959259259259
"WA","92",0.010962962962963
"WA","93",0.120925925925926
"WA","95",10.751
"WA","98",0.784370370370371
"WA","99",2.34051851851852
"WI","1",13.1097777777778
"WI","2",1.62866666666667
"WI","8",1.60537037037037
"WI","9",1.25088888888889
"WI","11",0.074888888888889
"WI","12",0.185814814814815
"WI","14",7.56477777777779
"WI","15",0.075888888888889
"WI","16",0.058925925925926
"WI","17",6.92985185185186
"WI","18",0.604185185185186
"WI","19",0.422703703703704
"WI","20",0.137851851851852
"WI","21",0.030925925925926
"WI","22",0.021925925925926
"WI","23",0.169814814814815
"WI","24",0.047962962962963
"WI","25",0.025962962962963
"WI","27",0.055851851851852
"WI","29",0.056962962962963
"WI","30",0.095888888888889
"WI","31",0.355814814814815
"WI","33",0.042
"WI","35",0.071962962962963
"WI","36",0.495555555555556
"WI","60",0.087925925925926
"WI","61",0.981888888888889
"WI","62",0.101925925925926
"WI","63",0.061851851851852
"WI","64",0.207925925925926
"WI","65",0.126888888888889
"WI","78",0.097962962962963
"WI","79",0.139740740740741
"WI","90",0.457814814814815
"WI","91",0.209740740740741
"WI","92",0.017962962962963
"WI","95",6.22492592592593
"WI","98",0.225703703703704
"WI","99",1.90259259259259
"WV","1",1.38055555555556
"WV","2",3.30640740740741
"WV","3",0.060888888888889
"WV","4",0.144925925925926
"WV","5",0.044925925925926
"WV","6",0.062925925925926
"WV","7",0.013962962962963
"WV","8",1.94596296296297
"WV","9",0.95988888888889
"WV","12",0.452370370370371
"WV","14",0.042888888888889
"WV","17",3.47114814814815
"WV","18",0.426296296296297
"WV","19",0.59325925925926
"WV","20",0.129888888888889
"WV","21",0.039925925925926
"WV","22",0.133777777777778
"WV","23",0.083851851851852
"WV","24",0.18
"WV","25",0.012962962962963
"WV","26",0.044962962962963
"WV","27",0.00896296296296296
"WV","28",0.178888888888889
"WV","29",0.027925925925926
"WV","30",0.025962962962963
"WV","33",0.047962962962963
"WV","34",0.025962962962963
"WV","36",0.336814814814815
"WV","39",0.00896296296296296
"WV","60",0.108851851851852
"WV","62",0.034
"WV","73",0.183
"WV","79",0.099888888888889
"WV","91",0.076925925925926
"WV","93",0.015962962962963
"WV","95",2.74807407407408
"WV","98",0.380777777777778
"WV","99",0.592407407407408
"WY","1",0.311481481481482
"WY","2",0.0718518518518519
"WY","6",0.014962962962963
"WY","8",0.300518518518519
"WY","9",0.025925925925926
"WY","12",0.059925925925926
"WY","14",0.036925925925926
"WY","17",0.923111111111112
"WY","19",0.025925925925926
"WY","20",0.020962962962963
"WY","21",0.233444444444445
"WY","23",0.00896296296296296
"WY","24",0.020962962962963
"WY","36",0.171851851851852
"WY","60",0.014962962962963
"WY","62",0.013962962962963
"WY","79",0.016962962962963
"WY","90",0.025925925925926
"WY","91",0.022962962962963
"WY","95",0.896037037037038
"WY","98",0.033925925925926
"WY","99",0.078851851851852
